<?xml version="1.0" encoding="UTF-8" standalone="yes"?>
<addon id="repository.freundefuersleben" name="[COLOR lime]FREUNDE FUERS LEBEN REPOSITORY[/COLOR]" version="1.0.9" provider-name="[COLOR lime]FREUNDE FUERS LEBEN[/COLOR]">
    <extension point="xbmc.addon.repository" name="FEUNDE FUERS LEBEN REPOSITORY">
		<info compressed="false">https://freundefuersleben.net/wizard/repo/new_repo/addons.xml</info>
		<checksum>https://freundefuersleben.net/wizard/repo/new_repo/addons.xml.md5</checksum>
		<datadir zip="true">https://freundefuersleben.net/wizard/repo/new_repo/</datadir>
    </extension>
    <extension point="xbmc.addon.metadata">
        <summary>[COLOR lime]FREUNDE FUERS LEBEN[/COLOR]</summary>
        <description></description>
        <platform>all</platform>
    </extension>
</addon>